text,rm_html,rm_hashtag,lower_case,rm_url,rm_punc,stem,rm_stopwords,prepro
"Cek, promo,","Cek, promo,","Cek, promo,","cek, promo,","cek, promo,",cek promo,cek promo,cek promo,cek promo
"Orang kaya bilek,&quot;anjir daging premium pake nasi","Orang kaya bilek,&quot;anjir daging premium pake nasi","Orang kaya bilek,&quot;anjir daging premium pake nasi","orang kaya bilek,&quot;anjir daging premium pake nasi","orang kaya bilek,&quot;anjir daging premium pake nasi",orang kaya bilek quot anjir daging premium pake nasi,orang kaya bilek quot anjir daging premium pake nasi,orang kaya bilek quot anjir daging premium pake nasi,orang kaya bilek quot anjir daging premium pake nasi
Cara iris bawang nya aja masih bingung dan lama tapi lagak nya udah kayak sef tapi kalau kamu itu sef tai nya anjing,Cara iris bawang nya aja masih bingung dan lama tapi lagak nya udah kayak sef tapi kalau kamu itu sef tai nya anjing,Cara iris bawang nya aja masih bingung dan lama tapi lagak nya udah kayak sef tapi kalau kamu itu sef tai nya anjing,cara iris bawang nya aja masih bingung dan lama tapi lagak nya udah kayak sef tapi kalau kamu itu sef tai nya anjing,cara iris bawang nya aja masih bingung dan lama tapi lagak nya udah kayak sef tapi kalau kamu itu sef tai nya anjing,cara iris bawang nya aja masih bingung dan lama tapi lagak nya udah kayak sef tapi kalau kamu itu sef tai nya anjing,cara iris bawang nya aja masih bingung dan lama tapi lagak nya udah kayak sef tapi kalau kamu itu sef tai nya anjing,iris bawang nya aja bingung lagak nya udah kayak sef sef tai nya anjing,iris bawang nya aja bingung lagak nya udah kayak sef sef tai nya anjing
Did he just said bismillah??,Did he just said bismillah??,Did he just said bismillah??,did he just said bismillah??,did he just said bismillah??,did he just said bismillah,did he just said bismillah,did he just said bismillah,did he just said bismillah
sekitar 15 biji aja,sekitar 15 biji aja,sekitar 15 biji aja,sekitar 15 biji aja,sekitar 15 biji aja,sekitar 15 biji aja,sekitar 15 biji aja,15 biji aja,15 biji aja
nyam nyam,nyam nyam,nyam nyam,nyam nyam,nyam nyam,nyam nyam,nyam sam,nyam sam,nyam sam
Kok bisa ya? Lambungnya segede apa dia teh??,Kok bisa ya? Lambungnya segede apa dia teh??,Kok bisa ya? Lambungnya segede apa dia teh??,kok bisa ya? lambungnya segede apa dia teh??,kok bisa ya? lambungnya segede apa dia teh??,kok bisa ya lambungnya segede apa dia teh,kok bisa iya lambung gede apa dia teh,iya lambung gede teh,iya lambung gede teh
lanjut mang,lanjut mang,lanjut mang,lanjut mang,lanjut mang,lanjut mang,lanjut mang,mang,mang
😮,😮,😮,😮,😮,😮,😮,😮,😮
"Assalamualaikum bang ,,,coba review daging unta utuh bang ...","Assalamualaikum bang ,,,coba review daging unta utuh bang ...","Assalamualaikum bang ,,,coba review daging unta utuh bang ...","assalamualaikum bang ,,,coba review daging unta utuh bang ...","assalamualaikum bang ,,,coba review daging unta utuh bang ...",assalamualaikum bang coba review daging unta utuh bang,assalamualaikum bang coba review daging unta utuh bang,assalamualaikum bang coba review daging unta utuh bang,assalamualaikum bang coba review daging unta utuh bang
itu daging sapi bang?,itu daging sapi bang?,itu daging sapi bang?,itu daging sapi bang?,itu daging sapi bang?,itu daging sapi bang,itu daging sapi bang,daging sapi bang,daging sapi bang
Babah,Babah,Babah,babah,babah,babah,babah,babah,babah
"Jujur bang, w kira daging b2 sekilas","Jujur bang, w kira daging b2 sekilas","Jujur bang, w kira daging b2 sekilas","jujur bang, w kira daging b2 sekilas","jujur bang, w kira daging b2 sekilas",jujur bang w kira daging b2 sekilas,jujur bang gue kira daging b2 kilas,jujur bang gue daging b2 kilas,jujur bang gue daging b2 kilas
aku nak satu,aku nak satu,aku nak satu,aku nak satu,aku nak satu,aku nak satu,aku nak satu,nak,nak
Banf makan salmon 1 ton,Banf makan salmon 1 ton,Banf makan salmon 1 ton,banf makan salmon 1 ton,banf makan salmon 1 ton,banf makan salmon 1 ton,banf makan salmon 1 ton,banf makan salmon 1 ton,banf makan salmon 1 ton
Makan banyak tapi yg besar hanya bibir,Makan banyak tapi yg besar hanya bibir,Makan banyak tapi yg besar hanya bibir,makan banyak tapi yg besar hanya bibir,makan banyak tapi yg besar hanya bibir,makan banyak tapi yg besar hanya bibir,makan banyak tapi yang besar hanya bibir,makan bibir,makan bibir
Kelihatanya seperti dagin Baby,Kelihatanya seperti dagin Baby,Kelihatanya seperti dagin Baby,kelihatanya seperti dagin baby,kelihatanya seperti dagin baby,kelihatanya seperti dagin baby,kelihatanya seperti dagin baby,kelihatanya dagin baby,kelihatanya dagin baby
Where  you  come  from ?  And what your  mission above  study ?  Thank  you  guys .,Where  you  come  from ?  And what your  mission above  study ?  Thank  you  guys .,Where  you  come  from ?  And what your  mission above  study ?  Thank  you  guys .,where  you  come  from ?  and what your  mission above  study ?  thank  you  guys .,where  you  come  from ?  and what your  mission above  study ?  thank  you  guys .,where you come from and what your mission above study thank you guys,where you come from and what your mission above study thank you guys,where you come from and what your mission above study thank you guys,where you come from and what your mission above study thank you guys
"Selamat Malam Saya Yayuk  mengajukan pertanyaan , Bagaimanakah mempertahankan daging supaya  tahan lama dan aman ?<br>Saya semoga pertanyaan ini dapat di terima dan di pahami .  Terima  Kasih .","Selamat Malam Saya Yayuk  mengajukan pertanyaan , Bagaimanakah mempertahankan daging supaya  tahan lama dan aman ?Saya semoga pertanyaan ini dapat di terima dan di pahami .  Terima  Kasih .","Selamat Malam Saya Yayuk  mengajukan pertanyaan , Bagaimanakah mempertahankan daging supaya  tahan lama dan aman ?Saya semoga pertanyaan ini dapat di terima dan di pahami .  Terima  Kasih .","selamat malam saya yayuk  mengajukan pertanyaan , bagaimanakah mempertahankan daging supaya  tahan lama dan aman ?saya semoga pertanyaan ini dapat di terima dan di pahami .  terima  kasih .","selamat malam saya yayuk  mengajukan pertanyaan , bagaimanakah mempertahankan daging supaya  tahan lama dan aman ?saya semoga pertanyaan ini dapat di terima dan di pahami .  terima  kasih .",selamat malam saya yayuk mengajukan pertanyaan bagaimanakah mempertahankan daging supaya tahan lama dan aman saya semoga pertanyaan ini dapat di terima dan di pahami terima kasih,selamat malam saya yayuk aju tanya bagaimana tahan daging supaya tahan lama dan aman saya moga tanya ini dapat di terima dan di paham terima kasih,selamat malam yayuk aju tahan daging tahan aman moga terima paham terima kasih,selamat malam yayuk aju tahan daging tahan aman moga terima paham terima kasih
Itu daging B2 bukan sapi.. keliatan banget waktu di asapin lemak nya dan antara daging ketutup lemaknya b2itu😂,Itu daging B2 bukan sapi.. keliatan banget waktu di asapin lemak nya dan antara daging ketutup lemaknya b2itu😂,Itu daging B2 bukan sapi.. keliatan banget waktu di asapin lemak nya dan antara daging ketutup lemaknya b2itu😂,itu daging b2 bukan sapi.. keliatan banget waktu di asapin lemak nya dan antara daging ketutup lemaknya b2itu😂,itu daging b2 bukan sapi.. keliatan banget waktu di asapin lemak nya dan antara daging ketutup lemaknya b2itu😂,itu daging b2 bukan sapi keliatan banget waktu di asapin lemak nya dan antara daging ketutup lemaknya b2itu😂,itu daging b2 bukan sapi liat banget waktu di asap lemak nya dan antara daging tutup lemak b2itu😂,daging b2 sapi liat banget asap lemak nya daging tutup lemak b2itu😂,daging b2 sapi liat banget asap lemak nya daging tutup lemak b2itu😂
"<a href=""https://www.youtube.com/watch?v=rR0A9xZlXqQ&amp;t=714"">11:54</a>",11:54,11:54,11:54,11:54,11 54,11 54,11 54,11 54
Bang tolong bibir potong dikit,Bang tolong bibir potong dikit,Bang tolong bibir potong dikit,bang tolong bibir potong dikit,bang tolong bibir potong dikit,bang tolong bibir potong dikit,bang tolong bibir potong dikit,bang tolong bibir potong dikit,bang tolong bibir potong dikit
dari tahun 2021 nonton tahun pas 2026😂,dari tahun 2021 nonton tahun pas 2026😂,dari tahun 2021 nonton tahun pas 2026😂,dari tahun 2021 nonton tahun pas 2026😂,dari tahun 2021 nonton tahun pas 2026😂,dari tahun 2021 nonton tahun pas 2026😂,dari tahun 2021 tonton tahun pas 2026😂,2021 tonton pas 2026😂,2021 tonton pas 2026😂
Astaghfirullah ini mah bukan daging sapi tapi babi kan,Astaghfirullah ini mah bukan daging sapi tapi babi kan,Astaghfirullah ini mah bukan daging sapi tapi babi kan,astaghfirullah ini mah bukan daging sapi tapi babi kan,astaghfirullah ini mah bukan daging sapi tapi babi kan,astaghfirullah ini mah bukan daging sapi tapi babi kan,astaghfirullah ini mah bukan daging sapi tapi babi kan,astaghfirullah mah daging sapi babi,astaghfirullah mah daging sapi babi
wah,wah,wah,wah,wah,wah,wah,,
P,P,P,p,p,p,p,p,p
geli banget ngeliat bawang nya,geli banget ngeliat bawang nya,geli banget ngeliat bawang nya,geli banget ngeliat bawang nya,geli banget ngeliat bawang nya,geli banget ngeliat bawang nya,geli banget liat bawang nya,geli banget liat bawang nya,geli banget liat bawang nya
DAGING BABI YA BG<br>KARENA KAYAK SAMA DAGING BABI DARI KAMPUNG SAYA <br>SOALNYA SAYA ORANG KRISTEN<br>DAN SAYA UDAH PERNA COBA,DAGING BABI YA BGKARENA KAYAK SAMA DAGING BABI DARI KAMPUNG SAYA SOALNYA SAYA ORANG KRISTENDAN SAYA UDAH PERNA COBA,DAGING BABI YA BGKARENA KAYAK SAMA DAGING BABI DARI KAMPUNG SAYA SOALNYA SAYA ORANG KRISTENDAN SAYA UDAH PERNA COBA,daging babi ya bgkarena kayak sama daging babi dari kampung saya soalnya saya orang kristendan saya udah perna coba,daging babi ya bgkarena kayak sama daging babi dari kampung saya soalnya saya orang kristendan saya udah perna coba,daging babi ya bgkarena kayak sama daging babi dari kampung saya soalnya saya orang kristendan saya udah perna coba,daging babi iya bgkarena kayak sama daging babi dari kampung saya soal saya orang kristendan saya udah perna coba,daging babi iya bgkarena kayak daging babi kampung orang kristendan udah perna coba,daging babi iya bgkarena kayak daging babi kampung orang kristendan udah perna coba
Gw k,Gw k,Gw k,gw k,gw k,gw k,gue k,gue k,gue k
P,P,P,p,p,p,p,p,p
Ngiler sambel nya😢,Ngiler sambel nya😢,Ngiler sambel nya😢,ngiler sambel nya😢,ngiler sambel nya😢,ngiler sambel nya😢,iler sambal nya😢,iler sambal nya😢,iler sambal nya😢
babi emang ok,babi emang ok,babi emang ok,babi emang ok,babi emang ok,babi emang ok,babi emang ok,babi emang ok,babi emang ok
gue terakhir,gue terakhir,gue terakhir,gue terakhir,gue terakhir,gue terakhir,gue akhir,gue,gue
🥩🥩🥩🥩🥩🥩🥩🥩🥩🥩🥩🥩🥩🥩🥩🥩🥩🥩🥩🥩,🥩🥩🥩🥩🥩🥩🥩🥩🥩🥩🥩🥩🥩🥩🥩🥩🥩🥩🥩🥩,🥩🥩🥩🥩🥩🥩🥩🥩🥩🥩🥩🥩🥩🥩🥩🥩🥩🥩🥩🥩,🥩🥩🥩🥩🥩🥩🥩🥩🥩🥩🥩🥩🥩🥩🥩🥩🥩🥩🥩🥩,🥩🥩🥩🥩🥩🥩🥩🥩🥩🥩🥩🥩🥩🥩🥩🥩🥩🥩🥩🥩,🥩🥩🥩🥩🥩🥩🥩🥩🥩🥩🥩🥩🥩🥩🥩🥩🥩🥩🥩🥩,🥩🥩🥩🥩🥩🥩🥩🥩🥩🥩🥩🥩🥩🥩🥩🥩🥩🥩🥩🥩,🥩🥩🥩🥩🥩🥩🥩🥩🥩🥩🥩🥩🥩🥩🥩🥩🥩🥩🥩🥩,🥩🥩🥩🥩🥩🥩🥩🥩🥩🥩🥩🥩🥩🥩🥩🥩🥩🥩🥩🥩
Enak nya bang,Enak nya bang,Enak nya bang,enak nya bang,enak nya bang,enak nya bang,enak nya bang,enak nya bang,enak nya bang
Close dulu,Close dulu,Close dulu,close dulu,close dulu,close dulu,close dulu,close,close
kecubunggggg,kecubunggggg,kecubunggggg,kecubunggggg,kecubunggggg,kecubunggggg,kecubunggggg,kecubunggggg,kecubunggggg
Kasih baking soda biar ijo,Kasih baking soda biar ijo,Kasih baking soda biar ijo,kasih baking soda biar ijo,kasih baking soda biar ijo,kasih baking soda biar ijo,kasih baking soda biar ijo,kasih baking soda biar ijo,kasih baking soda biar ijo
Boy.. kapan kapan buat konten makan daging terenak didunia yi  daging Babi.,Boy.. kapan kapan buat konten makan daging terenak didunia yi  daging Babi.,Boy.. kapan kapan buat konten makan daging terenak didunia yi  daging Babi.,boy.. kapan kapan buat konten makan daging terenak didunia yi  daging babi.,boy.. kapan kapan buat konten makan daging terenak didunia yi  daging babi.,boy kapan kapan buat konten makan daging terenak didunia yi daging babi,boy kapan kapan buat kontan makan daging enak dunia yi daging babi,boy kontan makan daging enak dunia yi daging babi,boy kontan makan daging enak dunia yi daging babi
Yang nonton 2026.?,Yang nonton 2026.?,Yang nonton 2026.?,yang nonton 2026.?,yang nonton 2026.?,yang nonton 2026,yang tonton 2026,tonton 2026,tonton 2026
Apkah anda Islam,Apkah anda Islam,Apkah anda Islam,apkah anda islam,apkah anda islam,apkah anda islam,apkah anda islam,apkah islam,apkah islam
Abang ini sukses bikin kita lapar,Abang ini sukses bikin kita lapar,Abang ini sukses bikin kita lapar,abang ini sukses bikin kita lapar,abang ini sukses bikin kita lapar,abang ini sukses bikin kita lapar,abang ini sukses bikin kita lapar,abang sukses bikin lapar,abang sukses bikin lapar
3.43 kaget jir😂😂😂,3.43 kaget jir😂😂😂,3.43 kaget jir😂😂😂,3.43 kaget jir😂😂😂,3.43 kaget jir😂😂😂,3 43 kaget jir😂😂😂,3 43 kaget jir😂😂😂,3 43 kaget jir😂😂😂,3 43 kaget jir😂😂😂
Yah gw doang yg nonton 2026,Yah gw doang yg nonton 2026,Yah gw doang yg nonton 2026,yah gw doang yg nonton 2026,yah gw doang yg nonton 2026,yah gw doang yg nonton 2026,yah gue doang yang tonton 2026,yah gue doang tonton 2026,yah gue doang tonton 2026
Mirip daging babi,Mirip daging babi,Mirip daging babi,mirip daging babi,mirip daging babi,mirip daging babi,mirip daging babi,daging babi,daging babi
Tak kira tadi B2<br>Sempet dikit baca judulnya,Tak kira tadi B2Sempet dikit baca judulnya,Tak kira tadi B2Sempet dikit baca judulnya,tak kira tadi b2sempet dikit baca judulnya,tak kira tadi b2sempet dikit baca judulnya,tak kira tadi b2sempet dikit baca judulnya,tak kira tadi b2sempet dikit baca judul,b2sempet dikit baca judul,b2sempet dikit baca judul
coba pork belly bang bara,coba pork belly bang bara,coba pork belly bang bara,coba pork belly bang bara,coba pork belly bang bara,coba pork belly bang bara,coba pork belly bang bara,coba pork belly bang bara,coba pork belly bang bara
SELALU,SELALU,SELALU,selalu,selalu,selalu,selalu,,
"Kalo pengasapannya jelek gimana bang <a href=""https://www.youtube.com/watch?v=rR0A9xZlXqQ&amp;t=1074"">17:54</a>",Kalo pengasapannya jelek gimana bang 17:54,Kalo pengasapannya jelek gimana bang 17:54,kalo pengasapannya jelek gimana bang 17:54,kalo pengasapannya jelek gimana bang 17:54,kalo pengasapannya jelek gimana bang 17 54,kalau asap jelek gimana bang 17 54,asap jelek gimana bang 17 54,asap jelek gimana bang 17 54
"sesekali kalian makan daging babi biar tau gmn rasa daging terenak dimukanbumi yakali orang lain masa membvvnhh berani, perkaos berani, koruppppsi berani, melakukan dosal lain berani yang fi takuti cuma daging babi kan aneh,,,,","sesekali kalian makan daging babi biar tau gmn rasa daging terenak dimukanbumi yakali orang lain masa membvvnhh berani, perkaos berani, koruppppsi berani, melakukan dosal lain berani yang fi takuti cuma daging babi kan aneh,,,,","sesekali kalian makan daging babi biar tau gmn rasa daging terenak dimukanbumi yakali orang lain masa membvvnhh berani, perkaos berani, koruppppsi berani, melakukan dosal lain berani yang fi takuti cuma daging babi kan aneh,,,,","sesekali kalian makan daging babi biar tau gmn rasa daging terenak dimukanbumi yakali orang lain masa membvvnhh berani, perkaos berani, koruppppsi berani, melakukan dosal lain berani yang fi takuti cuma daging babi kan aneh,,,,","sesekali kalian makan daging babi biar tau gmn rasa daging terenak dimukanbumi yakali orang lain masa membvvnhh berani, perkaos berani, koruppppsi berani, melakukan dosal lain berani yang fi takuti cuma daging babi kan aneh,,,,",sesekali kalian makan daging babi biar tau gmn rasa daging terenak dimukanbumi yakali orang lain masa membvvnhh berani perkaos berani koruppppsi berani melakukan dosal lain berani yang fi takuti cuma daging babi kan aneh,sekal kalian makan daging babi biar tau gmn rasa daging enak dimukanbumi yakali orang lain masa membvvnhh berani kaos berani koruppppsi berani laku dosal lain berani yang fi takut cuma daging babi kan aneh,sekal makan daging babi biar tau gmn daging enak dimukanbumi yakali orang membvvnhh berani kaos berani koruppppsi berani laku dosal berani fi takut daging babi aneh,sekal makan daging babi biar tau gmn daging enak dimukanbumi yakali orang membvvnhh berani kaos berani koruppppsi berani laku dosal berani fi takut daging babi aneh
"<a href=""https://www.youtube.com/watch?v=rR0A9xZlXqQ&amp;t=698"">11:38</a>",11:38,11:38,11:38,11:38,11 38,11 38,11 38,11 38
kayak daging babi,kayak daging babi,kayak daging babi,kayak daging babi,kayak daging babi,kayak daging babi,kayak daging babi,kayak daging babi,kayak daging babi
Kota Medan hadir selalu untuk mu mas bara😅😊,Kota Medan hadir selalu untuk mu mas bara😅😊,Kota Medan hadir selalu untuk mu mas bara😅😊,kota medan hadir selalu untuk mu mas bara😅😊,kota medan hadir selalu untuk mu mas bara😅😊,kota medan hadir selalu untuk mu mas bara😅😊,kota medan hadir selalu untuk mu mas bara😅😊,kota medan hadir mu mas bara😅😊,kota medan hadir mu mas bara😅😊
Mantap bang,Mantap bang,Mantap bang,mantap bang,mantap bang,mantap bang,mantap bang,mantap bang,mantap bang
Bang ... Masuk idul Adha buat Tema MAKAN DAGING UNTA Donk ....,Bang ... Masuk idul Adha buat Tema MAKAN DAGING UNTA Donk ....,Bang ... Masuk idul Adha buat Tema MAKAN DAGING UNTA Donk ....,bang ... masuk idul adha buat tema makan daging unta donk ....,bang ... masuk idul adha buat tema makan daging unta donk ....,bang masuk idul adha buat tema makan daging unta donk,bang masuk idul adha buat tema makan daging unta donk,bang masuk idul adha tema makan daging unta donk,bang masuk idul adha tema makan daging unta donk
Aku kasik nonton pada orang2 miskin Dan anak2 yg sudah Dan ustaz...  Mereka senang sekali ada orang kaya Gini..,Aku kasik nonton pada orang2 miskin Dan anak2 yg sudah Dan ustaz...  Mereka senang sekali ada orang kaya Gini..,Aku kasik nonton pada orang2 miskin Dan anak2 yg sudah Dan ustaz...  Mereka senang sekali ada orang kaya Gini..,aku kasik nonton pada orang2 miskin dan anak2 yg sudah dan ustaz...  mereka senang sekali ada orang kaya gini..,aku kasik nonton pada orang2 miskin dan anak2 yg sudah dan ustaz...  mereka senang sekali ada orang kaya gini..,aku kasik nonton pada orang2 miskin dan anak2 yg sudah dan ustaz mereka senang sekali ada orang kaya gini,aku kasik tonton pada orang2 miskin dan anak2 yang sudah dan ustaz mereka senang sekali ada orang kaya begini,kasik tonton orang2 miskin anak2 ustaz senang orang kaya,kasik tonton orang2 miskin anak2 ustaz senang orang kaya
Siapa yang nonton 2026,Siapa yang nonton 2026,Siapa yang nonton 2026,siapa yang nonton 2026,siapa yang nonton 2026,siapa yang nonton 2026,siapa yang tonton 2026,tonton 2026,tonton 2026
Yang sehat ya bang,Yang sehat ya bang,Yang sehat ya bang,yang sehat ya bang,yang sehat ya bang,yang sehat ya bang,yang sehat iya bang,sehat iya bang,sehat iya bang
itu daging apa bg,itu daging apa bg,itu daging apa bg,itu daging apa bg,itu daging apa bg,itu daging apa bg,itu daging apa bg,daging bg,daging bg
Itu daging B2 kalau GK salah,Itu daging B2 kalau GK salah,Itu daging B2 kalau GK salah,itu daging b2 kalau gk salah,itu daging b2 kalau gk salah,itu daging b2 kalau gk salah,itu daging b2 kalau tidak salah,daging b2 salah,daging b2 salah
habis lebaran 2026 ada gk yang nonton tanboy kun kalo ada 😅ya,habis lebaran 2026 ada gk yang nonton tanboy kun kalo ada 😅ya,habis lebaran 2026 ada gk yang nonton tanboy kun kalo ada 😅ya,habis lebaran 2026 ada gk yang nonton tanboy kun kalo ada 😅ya,habis lebaran 2026 ada gk yang nonton tanboy kun kalo ada 😅ya,habis lebaran 2026 ada gk yang nonton tanboy kun kalo ada 😅ya,habis lebaran 2026 ada tidak yang tonton tanboy kun kalau ada 😅ya,habis lebaran 2026 tonton tanboy kun 😅ya,habis lebaran 2026 tonton tanboy kun 😅ya
Daging bagian bawah perut,Daging bagian bawah perut,Daging bagian bawah perut,daging bagian bawah perut,daging bagian bawah perut,daging bagian bawah perut,daging bagi bawah perut,daging perut,daging perut
Ini daging apa ya,Ini daging apa ya,Ini daging apa ya,ini daging apa ya,ini daging apa ya,ini daging apa ya,ini daging apa iya,daging iya,daging iya
"<b>habis lebaran 2026 ada gk yang nonton tanboy kun ,kalo ada</b> 😅<br>👇","habis lebaran 2026 ada gk yang nonton tanboy kun ,kalo ada 😅👇","habis lebaran 2026 ada gk yang nonton tanboy kun ,kalo ada 😅👇","habis lebaran 2026 ada gk yang nonton tanboy kun ,kalo ada 😅👇","habis lebaran 2026 ada gk yang nonton tanboy kun ,kalo ada 😅👇",habis lebaran 2026 ada gk yang nonton tanboy kun kalo ada 😅👇,habis lebaran 2026 ada tidak yang tonton tanboy kun kalau ada 😅👇,habis lebaran 2026 tonton tanboy kun 😅👇,habis lebaran 2026 tonton tanboy kun 😅👇
Jadi laper😅,Jadi laper😅,Jadi laper😅,jadi laper😅,jadi laper😅,jadi laper😅,jadi laper😅,laper😅,laper😅
"nnton pas lg puasa 2026.. jam 09.51,, enak bgt liat daging asap ni😥😅😅","nnton pas lg puasa 2026.. jam 09.51,, enak bgt liat daging asap ni😥😅😅","nnton pas lg puasa 2026.. jam 09.51,, enak bgt liat daging asap ni😥😅😅","nnton pas lg puasa 2026.. jam 09.51,, enak bgt liat daging asap ni😥😅😅","nnton pas lg puasa 2026.. jam 09.51,, enak bgt liat daging asap ni😥😅😅",nnton pas lg puasa 2026 jam 09 51 enak bgt liat daging asap ni😥😅😅,nnton pas lg puasa 2026 jam 09 51 enak banget liat daging asap ni😥😅😅,nnton pas lg puasa 2026 jam 09 51 enak banget liat daging asap ni😥😅😅,nnton pas lg puasa 2026 jam 09 51 enak banget liat daging asap ni😥😅😅
.,.,.,.,.,,,,
nonton ini jam 1 siang hari puasa,nonton ini jam 1 siang hari puasa,nonton ini jam 1 siang hari puasa,nonton ini jam 1 siang hari puasa,nonton ini jam 1 siang hari puasa,nonton ini jam 1 siang hari puasa,tonton ini jam 1 siang hari puasa,tonton jam 1 siang puasa,tonton jam 1 siang puasa
bang gua bisa makan nasi tanpa kunyah,bang gua bisa makan nasi tanpa kunyah,bang gua bisa makan nasi tanpa kunyah,bang gua bisa makan nasi tanpa kunyah,bang gua bisa makan nasi tanpa kunyah,bang gua bisa makan nasi tanpa kunyah,bang gue bisa makan nasi tanpa kunyah,bang gue makan nasi kunyah,bang gue makan nasi kunyah
Jadi pengen buka jam 1,Jadi pengen buka jam 1,Jadi pengen buka jam 1,jadi pengen buka jam 1,jadi pengen buka jam 1,jadi pengen buka jam 1,jadi en buka jam 1,en buka jam 1,en buka jam 1
Bang lu Islam apa katolik?,Bang lu Islam apa katolik?,Bang lu Islam apa katolik?,bang lu islam apa katolik?,bang lu islam apa katolik?,bang lu islam apa katolik,bang lu islam apa katolik,bang lu islam katolik,bang lu islam katolik
No more &#39;Don&#39;t skip—this will change your life&#39; guilt-trip ads - all thanks to Blockify,No more &#39;Don&#39;t skip—this will change your life&#39; guilt-trip ads - all thanks to Blockify,No more &;Don&;t skip—this will change your life&; guilt-trip ads - all thanks to Blockify,no more &;don&;t skip—this will change your life&; guilt-trip ads - all thanks to blockify,no more &;don&;t skip—this will change your life&; guilt-trip ads - all thanks to blockify,no more don t skip—this will change your life guilt trip ads all thanks to blockify,no more don t skip—this will change your life guilt trip ads all thanks to blockify,no more don t skip—this will change your life guilt trip ads all thanks to blockify,no more don t skip—this will change your life guilt trip ads all thanks to blockify
Nonton sambil nunggu buka puasa,Nonton sambil nunggu buka puasa,Nonton sambil nunggu buka puasa,nonton sambil nunggu buka puasa,nonton sambil nunggu buka puasa,nonton sambil nunggu buka puasa,tonton sambil tunggu buka puasa,tonton tunggu buka puasa,tonton tunggu buka puasa
nonton pas puasa 2026 absenn dong,nonton pas puasa 2026 absenn dong,nonton pas puasa 2026 absenn dong,nonton pas puasa 2026 absenn dong,nonton pas puasa 2026 absenn dong,nonton pas puasa 2026 absenn dong,tonton pas puasa 2026 absenn dong,tonton pas puasa 2026 absenn,tonton pas puasa 2026 absenn
info yang nonton pas otw puasa 2026😂,info yang nonton pas otw puasa 2026😂,info yang nonton pas otw puasa 2026😂,info yang nonton pas otw puasa 2026😂,info yang nonton pas otw puasa 2026😂,info yang nonton pas otw puasa 2026😂,info yang tonton pas otw puasa 2026😂,info tonton pas otw puasa 2026😂,info tonton pas otw puasa 2026😂
Yg nonton puasa 2026,Yg nonton puasa 2026,Yg nonton puasa 2026,yg nonton puasa 2026,yg nonton puasa 2026,yg nonton puasa 2026,yang tonton puasa 2026,tonton puasa 2026,tonton puasa 2026
hadir,hadir,hadir,hadir,hadir,hadir,hadir,hadir,hadir
2026 ada?,2026 ada?,2026 ada?,2026 ada?,2026 ada?,2026 ada,2026 ada,2026,2026
Yummy 😋,Yummy 😋,Yummy 😋,yummy 😋,yummy 😋,yummy 😋,yummy 😋,yummy 😋,yummy 😋
2026 bg,2026 bg,2026 bg,2026 bg,2026 bg,2026 bg,2026 bg,2026 bg,2026 bg
go veg-,go veg-,go veg-,go veg-,go veg-,go veg,go veg,go veg,go veg
2026🗿🗿,2026🗿🗿,2026🗿🗿,2026🗿🗿,2026🗿🗿,2026🗿🗿,2026🗿🗿,2026🗿🗿,2026🗿🗿
Itu nama dagingnya apa bang tanboy?,Itu nama dagingnya apa bang tanboy?,Itu nama dagingnya apa bang tanboy?,itu nama dagingnya apa bang tanboy?,itu nama dagingnya apa bang tanboy?,itu nama dagingnya apa bang tanboy,itu nama daging apa bang tanboy,nama daging bang tanboy,nama daging bang tanboy
Itu daging babi,Itu daging babi,Itu daging babi,itu daging babi,itu daging babi,itu daging babi,itu daging babi,daging babi,daging babi
67!,67!,67!,67!,67!,67,67,67,67
Mati lu makan kecubung,Mati lu makan kecubung,Mati lu makan kecubung,mati lu makan kecubung,mati lu makan kecubung,mati lu makan kecubung,mati lu makan kecubung,mati lu makan kecubung,mati lu makan kecubung
❤❤🎉,❤❤🎉,❤❤🎉,❤❤🎉,❤❤🎉,❤❤🎉,❤❤🎉,❤❤🎉,❤❤🎉
Kerja dimana tamboy meke liliput terus lu emang enak pah itu di bau banget juga lu ..,Kerja dimana tamboy meke liliput terus lu emang enak pah itu di bau banget juga lu ..,Kerja dimana tamboy meke liliput terus lu emang enak pah itu di bau banget juga lu ..,kerja dimana tamboy meke liliput terus lu emang enak pah itu di bau banget juga lu ..,kerja dimana tamboy meke liliput terus lu emang enak pah itu di bau banget juga lu ..,kerja dimana tamboy meke liliput terus lu emang enak pah itu di bau banget juga lu,kerja mana tamboy meke liliput terus lu emang enak pah itu di bau banget juga lu,kerja tamboy meke liliput lu emang enak pah bau banget lu,kerja tamboy meke liliput lu emang enak pah bau banget lu
2026,2026,2026,2026,2026,2026,2026,2026,2026
Siapa yang nonton 2026 preennn😂,Siapa yang nonton 2026 preennn😂,Siapa yang nonton 2026 preennn😂,siapa yang nonton 2026 preennn😂,siapa yang nonton 2026 preennn😂,siapa yang nonton 2026 preennn😂,siapa yang tonton 2026 preennn😂,tonton 2026 preennn😂,tonton 2026 preennn😂
Lah gw sendiri yg nonton 2026😂,Lah gw sendiri yg nonton 2026😂,Lah gw sendiri yg nonton 2026😂,lah gw sendiri yg nonton 2026😂,lah gw sendiri yg nonton 2026😂,lah gw sendiri yg nonton 2026😂,lah gue sendiri yang tonton 2026😂,gue tonton 2026😂,gue tonton 2026😂
gua orang pertama yg nonton di 2026.,gua orang pertama yg nonton di 2026.,gua orang pertama yg nonton di 2026.,gua orang pertama yg nonton di 2026.,gua orang pertama yg nonton di 2026.,gua orang pertama yg nonton di 2026,gue orang pertama yang tonton di 2026,gue orang tonton 2026,gue orang tonton 2026
Gua jugs bsng baru nonton ini,Gua jugs bsng baru nonton ini,Gua jugs bsng baru nonton ini,gua jugs bsng baru nonton ini,gua jugs bsng baru nonton ini,gua jugs bsng baru nonton ini,gue jugs bsng baru tonton ini,gue jugs bsng tonton,gue jugs bsng tonton
AMAZING!,AMAZING!,AMAZING!,amazing!,amazing!,amazing,amazing,amazing,amazing
Gak sangkut digigi😂😂😂,Gak sangkut digigi😂😂😂,Gak sangkut digigi😂😂😂,gak sangkut digigi😂😂😂,gak sangkut digigi😂😂😂,gak sangkut digigi😂😂😂,tidak sangkut digigi😂😂😂,sangkut digigi😂😂😂,sangkut digigi😂😂😂
yang nonton 2025<br>👇,yang nonton 2025👇,yang nonton 2025👇,yang nonton 2025👇,yang nonton 2025👇,yang nonton 2025👇,yang tonton 2025👇,tonton 2025👇,tonton 2025👇
Bukannya bini nya Islam ya??,Bukannya bini nya Islam ya??,Bukannya bini nya Islam ya??,bukannya bini nya islam ya??,bukannya bini nya islam ya??,bukannya bini nya islam ya,bukan bini nya islam iya,bini nya islam iya,bini nya islam iya
bismillah ada rejeki buat makan ini yaallaaaaah,bismillah ada rejeki buat makan ini yaallaaaaah,bismillah ada rejeki buat makan ini yaallaaaaah,bismillah ada rejeki buat makan ini yaallaaaaah,bismillah ada rejeki buat makan ini yaallaaaaah,bismillah ada rejeki buat makan ini yaallaaaaah,bismillah ada rejeki buat makan ini yaallaaaaah,bismillah rejeki makan yaallaaaaah,bismillah rejeki makan yaallaaaaah
"Bagus video nya tapi ngomong nya terlalu bnyak, bagus nya makan saja, tdk usah terlalu bxk ngomong, supaya asyik di nonton","Bagus video nya tapi ngomong nya terlalu bnyak, bagus nya makan saja, tdk usah terlalu bxk ngomong, supaya asyik di nonton","Bagus video nya tapi ngomong nya terlalu bnyak, bagus nya makan saja, tdk usah terlalu bxk ngomong, supaya asyik di nonton","bagus video nya tapi ngomong nya terlalu bnyak, bagus nya makan saja, tdk usah terlalu bxk ngomong, supaya asyik di nonton","bagus video nya tapi ngomong nya terlalu bnyak, bagus nya makan saja, tdk usah terlalu bxk ngomong, supaya asyik di nonton",bagus video nya tapi ngomong nya terlalu bnyak bagus nya makan saja tdk usah terlalu bxk ngomong supaya asyik di nonton,bagus video nya tapi omong nya terlalu bnyak bagus nya makan saja tidak usah terlalu bxk omong supaya asyik di tonton,bagus video nya omong nya bnyak bagus nya makan bxk omong asyik tonton,bagus video nya omong nya bnyak bagus nya makan bxk omong asyik tonton
Islam kok makan babi,Islam kok makan babi,Islam kok makan babi,islam kok makan babi,islam kok makan babi,islam kok makan babi,islam kok makan babi,islam makan babi,islam makan babi
